{"cameraMode":{"drawMode":0,"name":"Shaded","section":"Shading Mode"},"sceneLighting":true,"audioPlay":false,"sceneViewState":{"showFog":true,"showMaterialUpdate":false,"showSkybox":true,"showFlares":true,"showImageEffects":true,"showParticleSystems":true},"in2DMode":false,"pivot":{"x":0.32465746998786929,"y":1.6346389055252076,"z":-0.5583142042160034},"rotation":{"x":-0.06988011300563812,"y":-0.5726951956748962,"z":0.049087364226579669,"w":-0.8153398633003235},"size":20.812442779541017,"orthographic":true}