{"cameraMode":{"drawMode":0,"name":"Shaded","section":"Shading Mode"},"sceneLighting":false,"audioPlay":false,"sceneViewState":{"showFog":true,"showMaterialUpdate":false,"showSkybox":true,"showFlares":true,"showImageEffects":true,"showParticleSystems":true},"in2DMode":false,"pivot":{"x":731.5319213867188,"y":1039.4345703125,"z":-67.276123046875},"rotation":{"x":-0.13151489198207856,"y":-0.16659624874591828,"z":0.02242523431777954,"w":-0.9769734144210815},"size":2181.101318359375,"orthographic":false}