{"cameraMode":{"drawMode":0,"name":"Shaded","section":"Shading Mode"},"sceneLighting":false,"audioPlay":false,"sceneViewState":{"showFog":true,"showMaterialUpdate":false,"showSkybox":true,"showFlares":true,"showImageEffects":true,"showParticleSystems":true},"in2DMode":false,"pivot":{"x":-7.933927059173584,"y":-4.348005771636963,"z":95.36016082763672},"rotation":{"x":-0.13721248507499696,"y":0.325378954410553,"z":-0.04778575524687767,"w":-0.9343671202659607},"size":20.789581298828126,"orthographic":false}